iso_code,location,date,total_cases,new_cases,tomorrow_deaths,total_cases_per_million,new_cases_per_million
USA,United States,12/31/2019,0,0,0,0,0
USA,United States,1/1/2020,0,0,0,0,0
USA,United States,1/2/2020,0,0,0,0,0
USA,United States,1/3/2020,0,0,0,0,0
USA,United States,1/4/2020,0,0,0,0,0
USA,United States,1/5/2020,0,0,0,0,0
USA,United States,1/6/2020,0,0,0,0,0
USA,United States,1/7/2020,0,0,0,0,0
USA,United States,1/8/2020,0,0,0,0,0
USA,United States,1/9/2020,0,0,0,0,0
USA,United States,1/10/2020,0,0,0,0,0
USA,United States,1/11/2020,0,0,0,0,0
USA,United States,1/12/2020,0,0,0,0,0
USA,United States,1/13/2020,0,0,0,0,0
USA,United States,1/14/2020,0,0,0,0,0
USA,United States,1/15/2020,0,0,0,0,0
USA,United States,1/16/2020,0,0,0,0,0
USA,United States,1/17/2020,0,0,0,0,0
USA,United States,1/18/2020,0,0,0,0,0
USA,United States,1/19/2020,0,0,0,0,0
USA,United States,1/20/2020,0,0,0,0,0
USA,United States,1/21/2020,1,1,0,0.003,0.003
USA,United States,1/22/2020,1,0,0,0.003,0
USA,United States,1/23/2020,1,0,0,0.003,0
USA,United States,1/24/2020,1,0,0,0.003,0
USA,United States,1/25/2020,2,1,0,0.006,0.003
USA,United States,1/26/2020,2,0,0,0.006,0
USA,United States,1/27/2020,5,3,0,0.015,0.009
USA,United States,1/28/2020,5,0,0,0.015,0
USA,United States,1/29/2020,5,0,0,0.015,0
USA,United States,1/30/2020,5,0,0,0.015,0
USA,United States,1/31/2020,6,1,0,0.018,0.003
USA,United States,2/1/2020,7,1,0,0.021,0.003
USA,United States,2/2/2020,8,1,0,0.024,0.003
USA,United States,2/3/2020,11,3,0,0.033,0.009
USA,United States,2/4/2020,11,0,0,0.033,0
USA,United States,2/5/2020,11,0,0,0.033,0
USA,United States,2/6/2020,12,1,0,0.036,0.003
USA,United States,2/7/2020,12,0,0,0.036,0
USA,United States,2/8/2020,12,0,0,0.036,0
USA,United States,2/9/2020,12,0,0,0.036,0
USA,United States,2/10/2020,12,0,0,0.036,0
USA,United States,2/11/2020,13,1,0,0.039,0.003
USA,United States,2/12/2020,13,0,0,0.039,0
USA,United States,2/13/2020,14,1,0,0.042,0.003
USA,United States,2/14/2020,15,1,0,0.045,0.003
USA,United States,2/15/2020,15,0,0,0.045,0
USA,United States,2/16/2020,15,0,0,0.045,0
USA,United States,2/17/2020,15,0,0,0.045,0
USA,United States,2/18/2020,15,0,0,0.045,0
USA,United States,2/19/2020,15,0,0,0.045,0
USA,United States,2/20/2020,15,0,0,0.045,0
USA,United States,2/21/2020,16,1,0,0.048,0.003
USA,United States,2/22/2020,35,19,0,0.106,0.057
USA,United States,2/23/2020,35,0,0,0.106,0
USA,United States,2/24/2020,35,0,0,0.106,0
USA,United States,2/25/2020,53,18,0,0.16,0.054
USA,United States,2/26/2020,53,0,0,0.16,0
USA,United States,2/27/2020,59,6,0,0.178,0.018
USA,United States,2/28/2020,60,1,0,0.181,0.003
USA,United States,2/29/2020,66,6,1,0.199,0.018
USA,United States,3/1/2020,69,3,2,0.208,0.009
USA,United States,3/2/2020,89,20,6,0.269,0.06
USA,United States,3/3/2020,103,14,9,0.311,0.042
USA,United States,3/4/2020,125,22,11,0.378,0.066
USA,United States,3/5/2020,159,34,12,0.48,0.103
USA,United States,3/6/2020,233,74,14,0.704,0.224
USA,United States,3/7/2020,338,105,17,1.021,0.317
USA,United States,3/8/2020,433,95,21,1.308,0.287
USA,United States,3/9/2020,554,121,26,1.674,0.366
USA,United States,3/10/2020,754,200,28,2.278,0.604
USA,United States,3/11/2020,1025,271,30,3.097,0.819
USA,United States,3/12/2020,1312,287,40,3.964,0.867
USA,United States,3/13/2020,1663,351,47,5.024,1.06
USA,United States,3/14/2020,2174,511,57,6.568,1.544
USA,United States,3/15/2020,2951,777,69,8.915,2.347
USA,United States,3/16/2020,3774,823,85,11.402,2.486
USA,United States,3/17/2020,4661,887,108,14.081,2.68
USA,United States,3/18/2020,6427,1766,150,19.417,5.335
USA,United States,3/19/2020,9415,2988,150,28.444,9.027
USA,United States,3/20/2020,14250,4835,260,43.051,14.607
USA,United States,3/21/2020,19624,5374,340,59.287,16.236
USA,United States,3/22/2020,26747,7123,471,80.806,21.519
USA,United States,3/23/2020,35206,8459,590,106.362,25.556
USA,United States,3/24/2020,46442,11236,801,140.307,33.945
USA,United States,3/25/2020,55231,8789,1050,166.86,26.553
USA,United States,3/26/2020,69194,13963,1296,209.044,42.184
USA,United States,3/27/2020,85991,16797,1707,259.789,50.746
USA,United States,3/28/2020,104686,18695,2191,316.269,56.48
USA,United States,3/29/2020,124665,19979,2509,376.628,60.359
USA,United States,3/30/2020,143025,18360,3170,432.096,55.468
USA,United States,3/31/2020,164620,21595,4079,497.337,65.241
USA,United States,4/1/2020,189618,24998,5138,572.859,75.522
USA,United States,4/2/2020,216721,27103,6053,654.741,81.882
USA,United States,4/3/2020,245540,28819,7157,741.807,87.066
USA,United States,4/4/2020,277965,32425,8501,839.767,97.96
USA,United States,4/5/2020,312237,34272,9647,943.307,103.54
USA,United States,4/6/2020,337635,25398,10989,1020.037,76.731
USA,United States,4/7/2020,368196,30561,12895,1112.366,92.329
USA,United States,4/8/2020,398809,30613,14817,1204.851,92.486
USA,United States,4/9/2020,432132,33323,16690,1305.524,100.673
USA,United States,4/10/2020,466033,33901,18777,1407.943,102.419
USA,United States,4/11/2020,501560,35527,20608,1515.275,107.331
USA,United States,4/12/2020,529951,28391,22108,1601.048,85.773
USA,United States,4/13/2020,557571,27620,23649,1684.491,83.443
USA,United States,4/14/2020,582594,25023,26057,1760.089,75.598
USA,United States,4/15/2020,609516,26922,30985,1841.423,81.335
USA,United States,4/16/2020,639664,30148,33284,1932.504,91.081
USA,United States,4/17/2020,671331,31667,37054,2028.174,95.67
USA,United States,4/18/2020,702164,30833,38910,2121.324,93.15
USA,United States,4/19/2020,735086,32922,40682,2220.786,99.461
USA,United States,4/20/2020,759687,24601,42539,2295.109,74.323
USA,United States,4/21/2020,787752,28065,45063,2379.896,84.788
USA,United States,4/22/2020,825041,37289,46784,2492.551,112.655
USA,United States,4/23/2020,842629,17588,49963,2545.687,53.136
USA,United States,4/24/2020,869172,26543,51017,2625.876,80.19
USA,United States,4/25/2020,890524,21352,53189,2690.383,64.507
USA,United States,4/26/2020,939053,48529,54876,2836.995,146.612
USA,United States,4/27/2020,965910,26857,56245,2918.134,81.138
USA,United States,4/28/2020,988451,22541,58355,2986.233,68.099
USA,United States,4/29/2020,1012583,24132,60966,3059.139,72.906
USA,United States,4/30/2020,1039909,27326,63006,3141.694,82.555
USA,United States,5/1/2020,1069826,29917,65068,3232.077,90.383
USA,United States,5/2/2020,1103781,33955,66385,3334.659,102.582
USA,United States,5/3/2020,1133069,29288,67682,3423.142,88.483
USA,United States,5/4/2020,1158041,24972,68934,3498.585,75.444
USA,United States,5/5/2020,1180634,22593,71078,3566.842,68.256
USA,United States,5/6/2020,1204475,23841,73431,3638.868,72.027
USA,United States,5/7/2020,1228603,24128,75670,3711.762,72.894
USA,United States,5/8/2020,1256972,28369,77180,3797.468,85.706
USA,United States,5/9/2020,1283929,26957,78794,3878.909,81.44
USA,United States,5/10/2020,1309541,25612,79528,3956.286,77.377
USA,United States,5/11/2020,1329799,20258,80684,4017.488,61.202
USA,United States,5/12/2020,1347916,18117,82387,4072.221,54.734
USA,United States,5/13/2020,1369964,22048,84133,4138.831,66.61
USA,United States,5/14/2020,1390746,20782,85906,4201.616,62.785
USA,United States,5/15/2020,1417889,27143,87568,4283.618,82.002
USA,United States,5/16/2020,1443397,25508,88754,4360.681,77.063
USA,United States,5/17/2020,1467884,24487,89562,4434.659,73.978
USA,United States,5/18/2020,1486757,18873,90353,4491.677,57.018
USA,United States,5/19/2020,1508598,21841,91921,4557.661,65.984
USA,United States,5/20/2020,1528568,19970,93439,4617.993,60.332
USA,United States,5/21/2020,1551853,23285,94702,4688.34,70.347
USA,United States,5/22/2020,1577287,25434,96007,4765.179,76.839
USA,United States,5/23/2020,1601434,24147,97087,4838.13,72.951
USA,United States,5/24/2020,1622670,21236,97720,4902.287,64.157
USA,United States,5/25/2020,1643238,20568,98220,4964.426,62.138
USA,United States,5/26/2020,1662302,19064,98916,5022.02,57.595
USA,United States,5/27/2020,1681212,18910,100442,5079.15,57.129
USA,United States,5/28/2020,1699933,18721,101617,5135.708,56.558
USA,United States,5/29/2020,1721750,21817,102836,5201.62,65.912
USA,United States,5/30/2020,1747087,25337,103781,5278.166,76.546
USA,United States,5/31/2020,1770384,23297,104383,5348.549,70.383
ESP,Spain,12/31/2019,0,0,0,0,0
ESP,Spain,1/1/2020,0,0,0,0,0
ESP,Spain,1/2/2020,0,0,0,0,0
ESP,Spain,1/3/2020,0,0,0,0,0
ESP,Spain,1/4/2020,0,0,0,0,0
ESP,Spain,1/5/2020,0,0,0,0,0
ESP,Spain,1/6/2020,0,0,0,0,0
ESP,Spain,1/7/2020,0,0,0,0,0
ESP,Spain,1/8/2020,0,0,0,0,0
ESP,Spain,1/9/2020,0,0,0,0,0
ESP,Spain,1/10/2020,0,0,0,0,0
ESP,Spain,1/11/2020,0,0,0,0,0
ESP,Spain,1/12/2020,0,0,0,0,0
ESP,Spain,1/13/2020,0,0,0,0,0
ESP,Spain,1/14/2020,0,0,0,0,0
ESP,Spain,1/15/2020,0,0,0,0,0
ESP,Spain,1/16/2020,0,0,0,0,0
ESP,Spain,1/17/2020,0,0,0,0,0
ESP,Spain,1/18/2020,0,0,0,0,0
ESP,Spain,1/19/2020,0,0,0,0,0
ESP,Spain,1/20/2020,0,0,0,0,0
ESP,Spain,1/21/2020,0,0,0,0,0
ESP,Spain,1/22/2020,0,0,0,0,0
ESP,Spain,1/23/2020,0,0,0,0,0
ESP,Spain,1/24/2020,0,0,0,0,0
ESP,Spain,1/25/2020,0,0,0,0,0
ESP,Spain,1/26/2020,0,0,0,0,0
ESP,Spain,1/27/2020,0,0,0,0,0
ESP,Spain,1/28/2020,0,0,0,0,0
ESP,Spain,1/29/2020,0,0,0,0,0
ESP,Spain,1/30/2020,0,0,0,0,0
ESP,Spain,1/31/2020,0,0,0,0,0
ESP,Spain,2/1/2020,1,1,0,0.021,0.021
ESP,Spain,2/2/2020,1,0,0,0.021,0
ESP,Spain,2/3/2020,1,0,0,0.021,0
ESP,Spain,2/4/2020,1,0,0,0.021,0
ESP,Spain,2/5/2020,1,0,0,0.021,0
ESP,Spain,2/6/2020,1,0,0,0.021,0
ESP,Spain,2/7/2020,1,0,0,0.021,0
ESP,Spain,2/8/2020,1,0,0,0.021,0
ESP,Spain,2/9/2020,1,0,0,0.021,0
ESP,Spain,2/10/2020,2,1,0,0.043,0.021
ESP,Spain,2/11/2020,2,0,0,0.043,0
ESP,Spain,2/12/2020,2,0,0,0.043,0
ESP,Spain,2/13/2020,2,0,0,0.043,0
ESP,Spain,2/14/2020,2,0,0,0.043,0
ESP,Spain,2/15/2020,2,0,0,0.043,0
ESP,Spain,2/16/2020,2,0,0,0.043,0
ESP,Spain,2/17/2020,2,0,0,0.043,0
ESP,Spain,2/18/2020,2,0,0,0.043,0
ESP,Spain,2/19/2020,2,0,0,0.043,0
ESP,Spain,2/20/2020,2,0,0,0.043,0
ESP,Spain,2/21/2020,2,0,0,0.043,0
ESP,Spain,2/22/2020,2,0,0,0.043,0
ESP,Spain,2/23/2020,2,0,0,0.043,0
ESP,Spain,2/24/2020,2,0,0,0.043,0
ESP,Spain,2/25/2020,3,1,0,0.064,0.021
ESP,Spain,2/26/2020,9,6,0,0.192,0.128
ESP,Spain,2/27/2020,17,8,0,0.364,0.171
ESP,Spain,2/28/2020,35,18,0,0.749,0.385
ESP,Spain,2/29/2020,54,19,0,1.155,0.406
ESP,Spain,3/1/2020,82,28,0,1.754,0.599
ESP,Spain,3/2/2020,136,54,0,2.909,1.155
ESP,Spain,3/3/2020,192,56,0,4.107,1.198
ESP,Spain,3/4/2020,267,75,1,5.711,1.604
ESP,Spain,3/5/2020,348,81,3,7.443,1.732
ESP,Spain,3/6/2020,531,183,5,11.357,3.914
ESP,Spain,3/7/2020,764,233,5,16.341,4.983
ESP,Spain,3/8/2020,1094,330,5,23.399,7.058
ESP,Spain,3/9/2020,1527,433,28,32.66,9.261
ESP,Spain,3/10/2020,2299,772,35,49.171,16.512
ESP,Spain,3/11/2020,3274,975,47,70.025,20.853
ESP,Spain,3/12/2020,4427,1153,84,94.685,24.661
ESP,Spain,3/13/2020,5958,1531,121,127.431,32.745
ESP,Spain,3/14/2020,7641,1683,136,163.427,35.996
ESP,Spain,3/15/2020,9785,2144,288,209.283,45.856
ESP,Spain,3/16/2020,11491,1706,309,245.772,36.488
ESP,Spain,3/17/2020,13994,2503,491,299.306,53.535
ESP,Spain,3/18/2020,17688,3694,598,378.314,79.008
ESP,Spain,3/19/2020,21735,4047,767,464.872,86.558
ESP,Spain,3/20/2020,26304,4569,1002,562.595,97.723
ESP,Spain,3/21/2020,31750,5446,1326,679.075,116.48
ESP,Spain,3/22/2020,36616,4866,1720,783.15,104.075
ESP,Spain,3/23/2020,41262,4646,2182,882.519,99.37
ESP,Spain,3/24/2020,48953,7691,2696,1047.016,164.497
ESP,Spain,3/25/2020,57506,8553,3434,1229.949,182.933
ESP,Spain,3/26/2020,66460,8954,4089,1421.459,191.51
ESP,Spain,3/27/2020,75641,9181,4858,1617.824,196.365
ESP,Spain,3/28/2020,83885,8244,5690,1794.148,176.324
ESP,Spain,3/29/2020,90309,6424,6528,1931.546,137.398
ESP,Spain,3/30/2020,96122,5813,7340,2055.875,124.33
ESP,Spain,3/31/2020,104267,8145,8189,2230.082,174.207
ESP,Spain,4/1/2020,111680,7413,9053,2388.633,158.551
ESP,Spain,4/2/2020,119263,7583,10003,2550.819,162.187
ESP,Spain,4/3/2020,126535,7272,10935,2706.354,155.535
ESP,Spain,4/4/2020,133198,6663,11744,2848.864,142.509
ESP,Spain,4/5/2020,138731,5533,12418,2967.204,118.341
ESP,Spain,4/6/2020,142398,3667,13055,3045.635,78.43
ESP,Spain,4/7/2020,147607,5209,13798,3157.046,111.411
ESP,Spain,4/8/2020,153190,5583,14555,3276.456,119.41
ESP,Spain,4/9/2020,158935,5745,15238,3399.331,122.875
ESP,Spain,4/10/2020,163472,4537,15843,3496.37,97.038
ESP,Spain,4/11/2020,168022,4550,16353,3593.686,97.316
ESP,Spain,4/12/2020,171921,3899,16972,3677.078,83.393
ESP,Spain,4/13/2020,174951,3030,17489,3741.885,64.806
ESP,Spain,4/14/2020,178067,3116,18276,3808.53,66.646
ESP,Spain,4/15/2020,182491,4424,18893,3903.151,94.621
ESP,Spain,4/16/2020,186311,3820,19478,3984.854,81.703
ESP,Spain,4/17/2020,190129,3818,20043,4066.514,81.66
ESP,Spain,4/18/2020,193965,3836,20453,4148.56,82.045
ESP,Spain,4/19/2020,193252,-713,20852,4133.31,-15.25
ESP,Spain,4/20/2020,195470,2218,21282,4180.749,47.439
ESP,Spain,4/21/2020,198421,2951,21717,4243.865,63.117
ESP,Spain,4/22/2020,200733,2312,22157,4293.315,49.449
ESP,Spain,4/23/2020,203649,2916,22524,4355.683,62.368
ESP,Spain,4/24/2020,205763,2114,22902,4400.897,45.215
ESP,Spain,4/25/2020,208269,2506,23190,4454.496,53.599
ESP,Spain,4/26/2020,209910,1641,23190,4489.594,35.098
ESP,Spain,4/27/2020,211570,1660,23822,4525.099,35.504
ESP,Spain,4/28/2020,213095,1525,24275,4557.716,32.617
ESP,Spain,4/29/2020,213942,847,24543,4575.831,18.116
ESP,Spain,4/30/2020,215183,1241,24824,4602.374,26.543
ESP,Spain,5/1/2020,216570,1387,25100,4632.039,29.665
ESP,Spain,5/2/2020,217804,1234,25264,4658.432,26.393
ESP,Spain,5/3/2020,218739,935,25428,4678.43,19.998
ESP,Spain,5/4/2020,219205,466,25613,4688.397,9.967
ESP,Spain,5/5/2020,220244,1039,25857,4710.62,22.222
ESP,Spain,5/6/2020,221124,880,26070,4729.441,18.822
ESP,Spain,5/7/2020,222045,921,26251,4749.14,19.699
ESP,Spain,5/8/2020,223218,1173,26478,4774.228,25.088
ESP,Spain,5/9/2020,223961,743,26621,4790.12,15.891
ESP,Spain,5/10/2020,227377,3416,26744,4863.182,73.062
ESP,Spain,5/11/2020,227770,393,26920,4871.587,8.406
ESP,Spain,5/12/2020,228252,482,27104,4881.896,10.309
ESP,Spain,5/13/2020,228691,439,27321,4891.286,9.389
ESP,Spain,5/14/2020,229540,849,27459,4909.444,18.159
ESP,Spain,5/15/2020,230183,643,27563,4923.197,13.753
ESP,Spain,5/16/2020,230698,515,27650,4934.212,11.015
ESP,Spain,5/17/2020,231350,652,27709,4948.157,13.945
ESP,Spain,5/18/2020,231606,256,27778,4953.632,5.475
ESP,Spain,5/19/2020,232037,431,27888,4962.851,9.218
ESP,Spain,5/20/2020,232555,518,27940,4973.93,11.079
ESP,Spain,5/21/2020,233037,482,28628,4984.239,10.309
ESP,Spain,5/22/2020,234824,1787,28678,5022.459,38.221
ESP,Spain,5/23/2020,235290,466,28752,5032.426,9.967
ESP,Spain,5/24/2020,235772,482,26834,5042.735,10.309
ESP,Spain,5/25/2020,235400,-372,27117,5034.779,-7.956
ESP,Spain,5/26/2020,236259,859,27118,5053.151,18.372
ESP,Spain,5/27/2020,236769,510,27119,5064.059,10.908
ESP,Spain,5/28/2020,237906,1137,27121,5088.378,24.318
ESP,Spain,5/29/2020,238564,658,27125,5102.451,14.073
ESP,Spain,5/30/2020,239228,664,27127,5116.653,14.202
ESP,Spain,5/31/2020,239429,201,27127,5120.952,4.299
GBR,United Kingdom,12/31/2019,0,0,0,0,0
GBR,United Kingdom,1/1/2020,0,0,0,0,0
GBR,United Kingdom,1/2/2020,0,0,0,0,0
GBR,United Kingdom,1/3/2020,0,0,0,0,0
GBR,United Kingdom,1/4/2020,0,0,0,0,0
GBR,United Kingdom,1/5/2020,0,0,0,0,0
GBR,United Kingdom,1/6/2020,0,0,0,0,0
GBR,United Kingdom,1/7/2020,0,0,0,0,0
GBR,United Kingdom,1/8/2020,0,0,0,0,0
GBR,United Kingdom,1/9/2020,0,0,0,0,0
GBR,United Kingdom,1/10/2020,0,0,0,0,0
GBR,United Kingdom,1/11/2020,0,0,0,0,0
GBR,United Kingdom,1/12/2020,0,0,0,0,0
GBR,United Kingdom,1/13/2020,0,0,0,0,0
GBR,United Kingdom,1/14/2020,0,0,0,0,0
GBR,United Kingdom,1/15/2020,0,0,0,0,0
GBR,United Kingdom,1/16/2020,0,0,0,0,0
GBR,United Kingdom,1/17/2020,0,0,0,0,0
GBR,United Kingdom,1/18/2020,0,0,0,0,0
GBR,United Kingdom,1/19/2020,0,0,0,0,0
GBR,United Kingdom,1/20/2020,0,0,0,0,0
GBR,United Kingdom,1/21/2020,0,0,0,0,0
GBR,United Kingdom,1/22/2020,0,0,0,0,0
GBR,United Kingdom,1/23/2020,0,0,0,0,0
GBR,United Kingdom,1/24/2020,0,0,0,0,0
GBR,United Kingdom,1/25/2020,0,0,0,0,0
GBR,United Kingdom,1/26/2020,0,0,0,0,0
GBR,United Kingdom,1/27/2020,0,0,0,0,0
GBR,United Kingdom,1/28/2020,0,0,0,0,0
GBR,United Kingdom,1/29/2020,0,0,0,0,0
GBR,United Kingdom,1/30/2020,0,0,0,0,0
GBR,United Kingdom,1/31/2020,2,2,0,0.029,0.029
GBR,United Kingdom,2/1/2020,2,0,0,0.029,0
GBR,United Kingdom,2/2/2020,2,0,0,0.029,0
GBR,United Kingdom,2/3/2020,2,0,0,0.029,0
GBR,United Kingdom,2/4/2020,2,0,0,0.029,0
GBR,United Kingdom,2/5/2020,2,0,0,0.029,0
GBR,United Kingdom,2/6/2020,2,0,0,0.029,0
GBR,United Kingdom,2/7/2020,3,1,0,0.044,0.015
GBR,United Kingdom,2/8/2020,3,0,0,0.044,0
GBR,United Kingdom,2/9/2020,4,1,0,0.059,0.015
GBR,United Kingdom,2/10/2020,4,0,0,0.059,0
GBR,United Kingdom,2/11/2020,8,4,0,0.118,0.059
GBR,United Kingdom,2/12/2020,8,0,0,0.118,0
GBR,United Kingdom,2/13/2020,9,1,0,0.133,0.015
GBR,United Kingdom,2/14/2020,9,0,0,0.133,0
GBR,United Kingdom,2/15/2020,9,0,0,0.133,0
GBR,United Kingdom,2/16/2020,9,0,0,0.133,0
GBR,United Kingdom,2/17/2020,9,0,0,0.133,0
GBR,United Kingdom,2/18/2020,9,0,0,0.133,0
GBR,United Kingdom,2/19/2020,9,0,0,0.133,0
GBR,United Kingdom,2/20/2020,9,0,0,0.133,0
GBR,United Kingdom,2/21/2020,9,0,0,0.133,0
GBR,United Kingdom,2/22/2020,9,0,0,0.133,0
GBR,United Kingdom,2/23/2020,9,0,0,0.133,0
GBR,United Kingdom,2/24/2020,13,4,0,0.191,0.059
GBR,United Kingdom,2/25/2020,13,0,0,0.191,0
GBR,United Kingdom,2/26/2020,13,0,0,0.191,0
GBR,United Kingdom,2/27/2020,13,0,0,0.191,0
GBR,United Kingdom,2/28/2020,16,3,0,0.236,0.044
GBR,United Kingdom,2/29/2020,18,2,0,0.265,0.029
GBR,United Kingdom,3/1/2020,23,5,0,0.339,0.074
GBR,United Kingdom,3/2/2020,36,13,0,0.53,0.191
GBR,United Kingdom,3/3/2020,40,4,0,0.589,0.059
GBR,United Kingdom,3/4/2020,51,11,0,0.751,0.162
GBR,United Kingdom,3/5/2020,85,34,0,1.252,0.501
GBR,United Kingdom,3/6/2020,115,30,1,1.694,0.442
GBR,United Kingdom,3/7/2020,163,48,2,2.401,0.707
GBR,United Kingdom,3/8/2020,206,43,2,3.034,0.633
GBR,United Kingdom,3/9/2020,273,67,3,4.021,0.987
GBR,United Kingdom,3/10/2020,321,48,7,4.729,0.707
GBR,United Kingdom,3/11/2020,373,52,7,5.495,0.766
GBR,United Kingdom,3/12/2020,456,83,9,6.717,1.223
GBR,United Kingdom,3/13/2020,590,134,10,8.691,1.974
GBR,United Kingdom,3/14/2020,707,117,28,10.415,1.723
GBR,United Kingdom,3/15/2020,1140,433,43,16.793,6.378
GBR,United Kingdom,3/16/2020,1391,251,65,20.49,3.697
GBR,United Kingdom,3/17/2020,1543,152,81,22.729,2.239
GBR,United Kingdom,3/18/2020,1950,407,115,28.725,5.995
GBR,United Kingdom,3/19/2020,2630,680,158,38.741,10.017
GBR,United Kingdom,3/20/2020,3277,647,194,48.272,9.531
GBR,United Kingdom,3/21/2020,3983,706,250,58.672,10.4
GBR,United Kingdom,3/22/2020,5018,1035,285,73.918,15.246
GBR,United Kingdom,3/23/2020,5683,665,359,83.714,9.796
GBR,United Kingdom,3/24/2020,6650,967,508,97.958,14.244
GBR,United Kingdom,3/25/2020,8077,1427,694,118.979,21.021
GBR,United Kingdom,3/26/2020,9529,1452,877,140.368,21.389
GBR,United Kingdom,3/27/2020,11658,2129,1161,171.729,31.361
GBR,United Kingdom,3/28/2020,14543,2885,1455,214.227,42.498
GBR,United Kingdom,3/29/2020,17089,2546,1669,251.731,37.504
GBR,United Kingdom,3/30/2020,19522,2433,2043,287.57,35.839
GBR,United Kingdom,3/31/2020,22141,2619,2425,326.15,38.579
GBR,United Kingdom,4/1/2020,25150,3009,3095,370.474,44.324
GBR,United Kingdom,4/2/2020,29474,4324,3747,434.169,63.695
GBR,United Kingdom,4/3/2020,33718,4244,4461,496.686,62.517
GBR,United Kingdom,4/4/2020,38168,4450,5221,562.237,65.551
GBR,United Kingdom,4/5/2020,41903,3735,5865,617.255,55.019
GBR,United Kingdom,4/6/2020,47806,5903,6433,704.21,86.955
GBR,United Kingdom,4/7/2020,51608,3802,7471,760.216,56.006
GBR,United Kingdom,4/8/2020,55242,3634,8505,813.747,53.531
GBR,United Kingdom,4/9/2020,60733,5491,9608,894.632,80.886
GBR,United Kingdom,4/10/2020,65077,4344,10760,958.622,63.99
GBR,United Kingdom,4/11/2020,70272,5195,11599,1035.147,76.525
GBR,United Kingdom,4/12/2020,78991,8719,12285,1163.583,128.436
GBR,United Kingdom,4/13/2020,84279,5288,13029,1241.478,77.895
GBR,United Kingdom,4/14/2020,88621,4342,14073,1305.438,63.96
GBR,United Kingdom,4/15/2020,93873,5252,14915,1382.803,77.365
GBR,United Kingdom,4/16/2020,98476,4603,15944,1450.608,67.805
GBR,United Kingdom,4/17/2020,103093,4617,16879,1518.619,68.011
GBR,United Kingdom,4/18/2020,108692,5599,17994,1601.096,82.476
GBR,United Kingdom,4/19/2020,114217,5525,18492,1682.482,81.386
GBR,United Kingdom,4/20/2020,120067,5850,19051,1768.656,86.174
GBR,United Kingdom,4/21/2020,124743,4676,20223,1837.536,68.88
GBR,United Kingdom,4/22/2020,129044,4301,21060,1900.893,63.356
GBR,United Kingdom,4/23/2020,133495,4451,21787,1966.458,65.566
GBR,United Kingdom,4/24/2020,138078,4583,22792,2033.969,67.51
GBR,United Kingdom,4/25/2020,143464,5386,23635,2113.307,79.339
GBR,United Kingdom,4/26/2020,148377,4913,24055,2185.679,72.371
GBR,United Kingdom,4/27/2020,152840,4463,24393,2251.421,65.743
GBR,United Kingdom,4/28/2020,157149,4309,25302,2314.895,63.474
GBR,United Kingdom,4/29/2020,161145,3996,26097,2373.759,58.863
GBR,United Kingdom,4/30/2020,165221,4076,26771,2433.801,60.042
GBR,United Kingdom,5/1/2020,171253,6032,27510,2522.655,88.855
GBR,United Kingdom,5/2/2020,177454,6201,28131,2614,91.344
GBR,United Kingdom,5/3/2020,182260,4806,28446,2684.795,70.795
GBR,United Kingdom,5/4/2020,186599,4339,28734,2748.711,63.916
GBR,United Kingdom,5/5/2020,190584,3985,29427,2807.412,58.701
GBR,United Kingdom,5/6/2020,194990,4406,30076,2872.315,64.903
GBR,United Kingdom,5/7/2020,201201,6211,30615,2963.807,91.492
GBR,United Kingdom,5/8/2020,206715,5514,31241,3045.031,81.224
GBR,United Kingdom,5/9/2020,211364,4649,31587,3113.514,68.482
GBR,United Kingdom,5/10/2020,215260,3896,31855,3170.904,57.39
GBR,United Kingdom,5/11/2020,219183,3923,32065,3228.692,57.788
GBR,United Kingdom,5/12/2020,223060,3877,32692,3285.802,57.11
GBR,United Kingdom,5/13/2020,226463,3403,33186,3335.931,50.128
GBR,United Kingdom,5/14/2020,229705,3242,33614,3383.687,47.757
GBR,United Kingdom,5/15/2020,233151,3446,33998,3434.449,50.762
GBR,United Kingdom,5/16/2020,236711,3560,34466,3486.89,52.441
GBR,United Kingdom,5/17/2020,240161,3450,34636,3537.71,50.82
GBR,United Kingdom,5/18/2020,243695,3534,34796,3589.768,52.058
GBR,United Kingdom,5/19/2020,246406,2711,35341,3629.703,39.935
GBR,United Kingdom,5/20/2020,248818,2412,35704,3665.233,35.53
GBR,United Kingdom,5/21/2020,248293,-525,36042,3657.499,-7.734
GBR,United Kingdom,5/22/2020,250908,2615,36393,3696.02,38.52
GBR,United Kingdom,5/23/2020,254195,3287,36675,3744.439,48.419
GBR,United Kingdom,5/24/2020,257154,2959,36793,3788.027,43.588
GBR,United Kingdom,5/25/2020,259559,2405,36914,3823.454,35.427
GBR,United Kingdom,5/26/2020,261184,1625,37048,3847.391,23.937
GBR,United Kingdom,5/27/2020,265227,4043,37460,3906.947,59.556
GBR,United Kingdom,5/28/2020,267240,2013,37837,3936.599,29.653
GBR,United Kingdom,5/29/2020,269127,1887,38161,3964.396,27.797
GBR,United Kingdom,5/30/2020,271222,2095,38376,3995.257,30.861
GBR,United Kingdom,5/31/2020,272826,1604,38489,4018.884,23.628
ITA,Italy,12/31/2019,0,0,0,0,0
ITA,Italy,1/1/2020,0,0,0,0,0
ITA,Italy,1/2/2020,0,0,0,0,0
ITA,Italy,1/3/2020,0,0,0,0,0
ITA,Italy,1/4/2020,0,0,0,0,0
ITA,Italy,1/5/2020,0,0,0,0,0
ITA,Italy,1/6/2020,0,0,0,0,0
ITA,Italy,1/7/2020,0,0,0,0,0
ITA,Italy,1/8/2020,0,0,0,0,0
ITA,Italy,1/9/2020,0,0,0,0,0
ITA,Italy,1/10/2020,0,0,0,0,0
ITA,Italy,1/11/2020,0,0,0,0,0
ITA,Italy,1/12/2020,0,0,0,0,0
ITA,Italy,1/13/2020,0,0,0,0,0
ITA,Italy,1/14/2020,0,0,0,0,0
ITA,Italy,1/15/2020,0,0,0,0,0
ITA,Italy,1/16/2020,0,0,0,0,0
ITA,Italy,1/17/2020,0,0,0,0,0
ITA,Italy,1/18/2020,0,0,0,0,0
ITA,Italy,1/19/2020,0,0,0,0,0
ITA,Italy,1/20/2020,0,0,0,0,0
ITA,Italy,1/21/2020,0,0,0,0,0
ITA,Italy,1/22/2020,0,0,0,0,0
ITA,Italy,1/23/2020,0,0,0,0,0
ITA,Italy,1/24/2020,0,0,0,0,0
ITA,Italy,1/25/2020,0,0,0,0,0
ITA,Italy,1/26/2020,0,0,0,0,0
ITA,Italy,1/27/2020,0,0,0,0,0
ITA,Italy,1/28/2020,0,0,0,0,0
ITA,Italy,1/29/2020,0,0,0,0,0
ITA,Italy,1/30/2020,0,0,0,0,0
ITA,Italy,1/31/2020,3,3,0,0.05,0.05
ITA,Italy,2/1/2020,3,0,0,0.05,0
ITA,Italy,2/2/2020,3,0,0,0.05,0
ITA,Italy,2/3/2020,3,0,0,0.05,0
ITA,Italy,2/4/2020,3,0,0,0.05,0
ITA,Italy,2/5/2020,3,0,0,0.05,0
ITA,Italy,2/6/2020,3,0,0,0.05,0
ITA,Italy,2/7/2020,3,0,0,0.05,0
ITA,Italy,2/8/2020,3,0,0,0.05,0
ITA,Italy,2/9/2020,3,0,0,0.05,0
ITA,Italy,2/10/2020,3,0,0,0.05,0
ITA,Italy,2/11/2020,3,0,0,0.05,0
ITA,Italy,2/12/2020,3,0,0,0.05,0
ITA,Italy,2/13/2020,3,0,0,0.05,0
ITA,Italy,2/14/2020,3,0,0,0.05,0
ITA,Italy,2/15/2020,3,0,0,0.05,0
ITA,Italy,2/16/2020,3,0,0,0.05,0
ITA,Italy,2/17/2020,3,0,0,0.05,0
ITA,Italy,2/18/2020,3,0,0,0.05,0
ITA,Italy,2/19/2020,3,0,0,0.05,0
ITA,Italy,2/20/2020,3,0,0,0.05,0
ITA,Italy,2/21/2020,3,0,0,0.05,0
ITA,Italy,2/22/2020,17,14,2,0.281,0.232
ITA,Italy,2/23/2020,79,62,2,1.307,1.025
ITA,Italy,2/24/2020,132,53,6,2.183,0.877
ITA,Italy,2/25/2020,229,97,11,3.788,1.604
ITA,Italy,2/26/2020,322,93,12,5.326,1.538
ITA,Italy,2/27/2020,400,78,17,6.616,1.29
ITA,Italy,2/28/2020,650,250,21,10.751,4.135
ITA,Italy,2/29/2020,888,238,29,14.687,3.936
ITA,Italy,3/1/2020,1128,240,35,18.656,3.969
ITA,Italy,3/2/2020,1689,561,52,27.935,9.279
ITA,Italy,3/3/2020,2036,347,80,33.674,5.739
ITA,Italy,3/4/2020,2502,466,107,41.381,7.707
ITA,Italy,3/5/2020,3089,587,148,51.09,9.709
ITA,Italy,3/6/2020,3858,769,197,63.809,12.719
ITA,Italy,3/7/2020,4636,778,233,76.676,12.868
ITA,Italy,3/8/2020,5883,1247,366,97.301,20.625
ITA,Italy,3/9/2020,7375,1492,464,121.978,24.677
ITA,Italy,3/10/2020,9172,1797,631,151.699,29.721
ITA,Italy,3/11/2020,10149,977,827,167.858,16.159
ITA,Italy,3/12/2020,12462,2313,1016,206.114,38.256
ITA,Italy,3/13/2020,15113,2651,1268,249.959,43.846
ITA,Italy,3/14/2020,17660,2547,1441,292.085,42.126
ITA,Italy,3/15/2020,21157,3497,1811,349.923,57.838
ITA,Italy,3/16/2020,23980,2823,2158,396.614,46.691
ITA,Italy,3/17/2020,27980,4000,2505,462.771,66.157
ITA,Italy,3/18/2020,31506,3526,2978,521.089,58.318
ITA,Italy,3/19/2020,35713,4207,3407,590.67,69.581
ITA,Italy,3/20/2020,41035,5322,4032,678.693,88.022
ITA,Italy,3/21/2020,47021,5986,4827,777.697,99.005
ITA,Italy,3/22/2020,53578,6557,5476,886.146,108.449
ITA,Italy,3/23/2020,59138,5560,6077,978.105,91.959
ITA,Italy,3/24/2020,63927,4789,6820,1057.312,79.207
ITA,Italy,3/25/2020,69176,5249,7505,1144.127,86.815
ITA,Italy,3/26/2020,74386,5210,8165,1230.297,86.17
ITA,Italy,3/27/2020,80539,6153,9136,1332.064,101.767
ITA,Italy,3/28/2020,86498,5959,10023,1430.622,98.558
ITA,Italy,3/29/2020,92472,5974,10781,1529.428,98.806
ITA,Italy,3/30/2020,97689,5217,11591,1615.714,86.286
ITA,Italy,3/31/2020,101739,4050,12430,1682.698,66.984
ITA,Italy,4/1/2020,105792,4053,13157,1749.732,67.034
ITA,Italy,4/2/2020,110574,4782,13917,1828.823,79.091
ITA,Italy,4/3/2020,115242,4668,14681,1906.029,77.206
ITA,Italy,4/4/2020,119827,4585,15362,1981.862,75.833
ITA,Italy,4/5/2020,124632,4805,15889,2061.334,79.472
ITA,Italy,4/6/2020,128948,4316,16525,2132.718,71.384
ITA,Italy,4/7/2020,132547,3599,17129,2192.243,59.525
ITA,Italy,4/8/2020,135586,3039,17669,2242.506,50.263
ITA,Italy,4/9/2020,139422,3836,18281,2305.951,63.445
ITA,Italy,4/10/2020,143626,4204,18851,2375.482,69.531
ITA,Italy,4/11/2020,147577,3951,19470,2440.829,65.347
ITA,Italy,4/12/2020,152271,4694,19901,2518.465,77.636
ITA,Italy,4/13/2020,156363,4092,20465,2586.144,67.679
ITA,Italy,4/14/2020,159516,3153,21069,2638.293,52.149
ITA,Italy,4/15/2020,162488,2972,21647,2687.448,49.155
ITA,Italy,4/16/2020,165155,2667,22172,2731.558,44.11
ITA,Italy,4/17/2020,168941,3786,22747,2794.176,62.618
ITA,Italy,4/18/2020,172434,3493,23227,2851.948,57.772
ITA,Italy,4/19/2020,175925,3491,23660,2909.687,57.739
ITA,Italy,4/20/2020,178972,3047,24114,2960.083,50.395
ITA,Italy,4/21/2020,181228,2256,24648,2997.395,37.313
ITA,Italy,4/22/2020,183957,2729,25085,3042.531,45.136
ITA,Italy,4/23/2020,187327,3370,25549,3098.269,55.738
ITA,Italy,4/24/2020,189973,2646,25969,3142.032,43.763
ITA,Italy,4/25/2020,192994,3021,26384,3191.997,49.965
ITA,Italy,4/26/2020,195351,2357,26644,3230.981,38.983
ITA,Italy,4/27/2020,197675,2324,26977,3269.418,38.437
ITA,Italy,4/28/2020,199414,1739,27359,3298.18,28.762
ITA,Italy,4/29/2020,201505,2091,27682,3332.764,34.584
ITA,Italy,4/30/2020,203591,2086,27967,3367.265,34.501
ITA,Italy,5/1/2020,205463,1872,28236,3398.227,30.962
ITA,Italy,5/2/2020,207428,1965,28710,3430.727,32.5
ITA,Italy,5/3/2020,209328,1900,28884,3462.151,31.425
ITA,Italy,5/4/2020,210717,1389,29079,3485.125,22.973
ITA,Italy,5/5/2020,211938,1221,29315,3505.319,20.195
ITA,Italy,5/6/2020,213013,1075,29684,3523.099,17.78
ITA,Italy,5/7/2020,214457,1444,29958,3546.982,23.883
ITA,Italy,5/8/2020,215858,1401,30201,3570.153,23.172
ITA,Italy,5/9/2020,217185,1327,30395,3592.101,21.948
ITA,Italy,5/10/2020,218268,1083,30560,3610.013,17.912
ITA,Italy,5/11/2020,219070,802,30739,3623.278,13.265
ITA,Italy,5/12/2020,219814,744,30911,3635.583,12.305
ITA,Italy,5/13/2020,221216,1402,31106,3658.771,23.188
ITA,Italy,5/14/2020,222104,888,31368,3673.458,14.687
ITA,Italy,5/15/2020,223096,992,31610,3689.865,16.407
ITA,Italy,5/16/2020,223885,789,31763,3702.915,13.05
ITA,Italy,5/17/2020,224760,875,31908,3717.387,14.472
ITA,Italy,5/18/2020,225435,675,32007,3728.551,11.164
ITA,Italy,5/19/2020,225886,451,32169,3736.01,7.459
ITA,Italy,5/20/2020,226699,813,32330,3749.457,13.447
ITA,Italy,5/21/2020,227364,665,32486,3760.455,10.999
ITA,Italy,5/22/2020,228006,642,32616,3771.074,10.618
ITA,Italy,5/23/2020,228658,652,32735,3781.857,10.784
ITA,Italy,5/24/2020,229327,669,32785,3792.922,11.065
ITA,Italy,5/25/2020,229858,531,32877,3801.704,8.782
ITA,Italy,5/26/2020,230158,300,32955,3806.666,4.962
ITA,Italy,5/27/2020,230555,397,33072,3813.232,6.566
ITA,Italy,5/28/2020,231139,584,33142,3822.891,9.659
ITA,Italy,5/29/2020,231732,593,33229,3832.699,9.808
ITA,Italy,5/30/2020,232248,516,33340,3841.234,8.534
ITA,Italy,5/31/2020,232664,416,33415,3848.114,6.88
OWID_WRL,World,12/31/2019,27,27,0,0.003,0
OWID_WRL,World,1/1/2020,27,0,0,0,0
OWID_WRL,World,1/2/2020,27,0,0,0,0
OWID_WRL,World,1/3/2020,44,17,0,0.002,0
OWID_WRL,World,1/4/2020,44,0,0,0,0
OWID_WRL,World,1/5/2020,59,15,0,0.002,0
OWID_WRL,World,1/6/2020,59,0,0,0,0
OWID_WRL,World,1/7/2020,59,0,0,0,0
OWID_WRL,World,1/8/2020,59,0,0,0,0
OWID_WRL,World,1/9/2020,59,0,0,0,0
OWID_WRL,World,1/10/2020,59,0,1,0,0
OWID_WRL,World,1/11/2020,59,0,1,0,0
OWID_WRL,World,1/12/2020,59,0,1,0,0
OWID_WRL,World,1/13/2020,60,1,1,0,0
OWID_WRL,World,1/14/2020,60,0,2,0,0
OWID_WRL,World,1/15/2020,61,1,2,0,0
OWID_WRL,World,1/16/2020,61,0,2,0,0
OWID_WRL,World,1/17/2020,66,5,2,0.001,0
OWID_WRL,World,1/18/2020,83,17,3,0.002,0
OWID_WRL,World,1/19/2020,219,136,3,0.017,0
OWID_WRL,World,1/20/2020,239,20,6,0.003,0
OWID_WRL,World,1/21/2020,392,153,17,0.02,0.001
OWID_WRL,World,1/22/2020,534,142,17,0.018,0.002
OWID_WRL,World,1/23/2020,631,97,26,0.012,0.002
OWID_WRL,World,1/24/2020,897,266,41,0.034,0.003
OWID_WRL,World,1/25/2020,1350,453,56,0.058,0.005
OWID_WRL,World,1/26/2020,2023,673,81,0.086,0.007
OWID_WRL,World,1/27/2020,2820,797,106,0.102,0.01
OWID_WRL,World,1/28/2020,4587,1767,132,0.227,0.014
OWID_WRL,World,1/29/2020,6067,1480,170,0.19,0.017
OWID_WRL,World,1/30/2020,7823,1756,213,0.225,0.022
OWID_WRL,World,1/31/2020,9826,2003,259,0.257,0.027
OWID_WRL,World,2/1/2020,11946,2120,305,0.272,0.033
OWID_WRL,World,2/2/2020,14554,2608,362,0.335,0.039
OWID_WRL,World,2/3/2020,17372,2818,427,0.362,0.046
OWID_WRL,World,2/4/2020,20615,3243,493,0.416,0.055
OWID_WRL,World,2/5/2020,24522,3907,565,0.501,0.063
OWID_WRL,World,2/6/2020,28273,3751,638,0.481,0.072
OWID_WRL,World,2/7/2020,31491,3218,724,0.413,0.082
OWID_WRL,World,2/8/2020,34933,3442,813,0.442,0.093
OWID_WRL,World,2/9/2020,37552,2619,910,0.336,0.104
OWID_WRL,World,2/10/2020,40540,2988,1018,0.383,0.117
OWID_WRL,World,2/11/2020,43105,2565,1115,0.329,0.131
OWID_WRL,World,2/12/2020,45177,2072,1370,0.266,0.143
OWID_WRL,World,2/13/2020,60328,15151,1383,1.944,0.176
OWID_WRL,World,2/14/2020,64543,4215,1527,0.541,0.177
OWID_WRL,World,2/15/2020,67103,2560,1669,0.328,0.196
OWID_WRL,World,2/16/2020,69265,2162,1775,0.277,0.214
OWID_WRL,World,2/17/2020,71332,2067,1873,0.265,0.228
OWID_WRL,World,2/18/2020,73327,1995,2012,0.256,0.24
OWID_WRL,World,2/19/2020,75191,1864,2128,0.239,0.258
OWID_WRL,World,2/20/2020,75723,532,2247,0.068,0.273
OWID_WRL,World,2/21/2020,76719,996,2359,0.128,0.288
OWID_WRL,World,2/22/2020,77804,1085,2463,0.139,0.303
OWID_WRL,World,2/23/2020,78812,1008,2619,0.129,0.316
OWID_WRL,World,2/24/2020,79339,527,2698,0.068,0.336
OWID_WRL,World,2/25/2020,80132,793,2762,0.102,0.346
OWID_WRL,World,2/26/2020,80995,863,2800,0.111,0.354
OWID_WRL,World,2/27/2020,82101,1106,2857,0.142,0.359
OWID_WRL,World,2/28/2020,83365,1264,2921,0.162,0.367
OWID_WRL,World,2/29/2020,85203,1838,2979,0.236,0.375
OWID_WRL,World,3/1/2020,87026,1823,3046,0.234,0.382
OWID_WRL,World,3/2/2020,89068,2042,3118,0.262,0.391
OWID_WRL,World,3/3/2020,90865,1797,3202,0.231,0.4
OWID_WRL,World,3/4/2020,93077,2212,3282,0.284,0.411
OWID_WRL,World,3/5/2020,95316,2239,3384,0.287,0.421
OWID_WRL,World,3/6/2020,98172,2856,3488,0.366,0.434
OWID_WRL,World,3/7/2020,102133,3961,3585,0.508,0.447
OWID_WRL,World,3/8/2020,105824,3691,3813,0.474,0.46
OWID_WRL,World,3/9/2020,109695,3871,4021,0.497,0.489
OWID_WRL,World,3/10/2020,114235,4540,4293,0.582,0.516
OWID_WRL,World,3/11/2020,118613,4378,4619,0.562,0.551
OWID_WRL,World,3/12/2020,125497,6884,4968,0.883,0.593
OWID_WRL,World,3/13/2020,133853,8356,5407,1.072,0.637
OWID_WRL,World,3/14/2020,143259,9406,5768,1.207,0.694
OWID_WRL,World,3/15/2020,154774,11515,6514,1.477,0.74
OWID_WRL,World,3/16/2020,167418,12644,7112,1.622,0.836
OWID_WRL,World,3/17/2020,180094,12676,7912,1.626,0.912
OWID_WRL,World,3/18/2020,194843,14749,8854,1.892,1.015
OWID_WRL,World,3/19/2020,213149,18306,9897,2.348,1.136
OWID_WRL,World,3/20/2020,242374,29225,11266,3.749,1.27
OWID_WRL,World,3/21/2020,271116,28742,12966,3.687,1.445
OWID_WRL,World,3/22/2020,305235,34119,14607,4.377,1.663
OWID_WRL,World,3/23/2020,338235,33000,16387,4.234,1.874
OWID_WRL,World,3/24/2020,377968,39733,18651,5.097,2.102
OWID_WRL,World,3/25/2020,416881,38913,21224,4.992,2.393
OWID_WRL,World,3/26/2020,468092,51211,23973,6.57,2.723
OWID_WRL,World,3/27/2020,527839,59747,27395,7.665,3.076
OWID_WRL,World,3/28/2020,591796,63957,30888,8.205,3.515
OWID_WRL,World,3/29/2020,656834,65038,34017,8.344,3.963
OWID_WRL,World,3/30/2020,715377,58543,37911,7.511,4.364
OWID_WRL,World,3/31/2020,777187,61810,42540,7.93,4.864
OWID_WRL,World,4/1/2020,851587,74400,47447,9.545,5.457
OWID_WRL,World,4/2/2020,928491,76904,52403,9.866,6.087
OWID_WRL,World,4/3/2020,1006063,77572,59036,9.952,6.723
OWID_WRL,World,4/4/2020,1087822,81759,65181,10.489,7.574
OWID_WRL,World,4/5/2020,1174306,86484,69859,11.095,8.362
OWID_WRL,World,4/6/2020,1245601,71295,75125,9.146,8.962
OWID_WRL,World,4/7/2020,1316988,71387,82788,9.158,9.638
OWID_WRL,World,4/8/2020,1391881,74893,89224,9.608,10.621
OWID_WRL,World,4/9/2020,1476792,84911,96669,10.893,11.447
OWID_WRL,World,4/10/2020,1563819,87027,103890,11.165,12.402
OWID_WRL,World,4/11/2020,1653160,89341,109916,11.462,13.328
OWID_WRL,World,4/12/2020,1734868,81708,115182,10.482,14.101
OWID_WRL,World,4/13/2020,1807256,72388,120553,9.287,14.777
OWID_WRL,World,4/14/2020,1873639,66383,128157,8.516,15.466
OWID_WRL,World,4/15/2020,1953786,80147,138677,10.282,16.441
OWID_WRL,World,4/16/2020,2033745,79959,147386,10.258,17.791
OWID_WRL,World,4/17/2020,2117297,83552,155954,10.719,18.908
OWID_WRL,World,4/18/2020,2199460,82163,162447,10.541,20.007
OWID_WRL,World,4/19/2020,2278484,79024,167483,10.138,20.84
OWID_WRL,World,4/20/2020,2350993,72509,172819,9.302,21.487
OWID_WRL,World,4/21/2020,2427353,76360,180103,9.796,22.171
OWID_WRL,World,4/22/2020,2513399,86046,186204,11.039,23.106
OWID_WRL,World,4/23/2020,2579823,66424,193648,8.522,23.888
OWID_WRL,World,4/24/2020,2657910,78087,199080,10.018,24.843
OWID_WRL,World,4/25/2020,2731217,73307,205326,9.405,25.54
OWID_WRL,World,4/26/2020,2832750,101533,209254,13.026,26.341
OWID_WRL,World,4/27/2020,2915977,83227,214146,10.677,26.845
OWID_WRL,World,4/28/2020,2981542,65565,220664,8.411,27.473
OWID_WRL,World,4/29/2020,3054404,72862,227335,9.348,28.309
OWID_WRL,World,4/30/2020,3131487,77083,232869,9.889,29.165
OWID_WRL,World,5/1/2020,3215927,84440,238707,10.833,29.875
OWID_WRL,World,5/2/2020,3308891,92964,243476,11.926,30.624
OWID_WRL,World,5/3/2020,3389459,80568,247163,10.336,31.236
OWID_WRL,World,5/4/2020,3467502,78043,251162,10.082,31.709
OWID_WRL,World,5/5/2020,3544168,76666,257114,9.935,32.222
OWID_WRL,World,5/6/2020,3625588,79187,263495,10.174,32.985
OWID_WRL,World,5/7/2020,3715414,89826,269243,11.524,33.804
OWID_WRL,World,5/8/2020,3809599,94185,274511,12.083,34.541
OWID_WRL,World,5/9/2020,3899738,90139,278951,11.564,35.217
OWID_WRL,World,5/10/2020,3989894,90156,282361,11.566,35.787
OWID_WRL,World,5/11/2020,4066883,76989,285930,9.877,36.224
OWID_WRL,World,5/12/2020,4137915,71032,291696,9.113,36.682
OWID_WRL,World,5/13/2020,4223701,85786,296883,11.006,37.422
OWID_WRL,World,5/14/2020,4309652,85951,302253,11.027,38.087
OWID_WRL,World,5/15/2020,4406317,96665,307398,12.401,38.776
OWID_WRL,World,5/16/2020,4504351,98034,311675,12.577,39.436
OWID_WRL,World,5/17/2020,4598546,94195,315063,12.084,39.985
OWID_WRL,World,5/18/2020,4679764,81218,318270,600.37,10.42
OWID_WRL,World,5/19/2020,4766900,87136,323156,611.549,11.179
OWID_WRL,World,5/20/2020,4861975,95075,327957,623.746,12.197
OWID_WRL,World,5/21/2020,4961338,99363,333399,636.493,12.747
OWID_WRL,World,5/22/2020,5069262,107924,338089,650.339,13.846
OWID_WRL,World,5/23/2020,5175836,106574,342078,664.012,13.672
OWID_WRL,World,5/24/2020,5276942,101106,342894,676.982,12.971
OWID_WRL,World,5/25/2020,5371158,94216,346277,689.069,12.087
OWID_WRL,World,5/26/2020,5460254,89096,350213,700.5,11.43
OWID_WRL,World,5/27/2020,5556124,95870,355390,712.799,12.299
OWID_WRL,World,5/28/2020,5658707,102583,360091,725.959,13.16
OWID_WRL,World,5/29/2020,5777512,118805,364895,741.201,15.242
OWID_WRL,World,5/30/2020,5900530,123018,368946,756.983,15.782
OWID_WRL,World,5/31/2020,6028326,127796,371857,773.378,16.395
IND,India,12/31/2019,0,0,0,0,0
IND,India,1/1/2020,0,0,0,0,0
IND,India,1/2/2020,0,0,0,0,0
IND,India,1/3/2020,0,0,0,0,0
IND,India,1/4/2020,0,0,0,0,0
IND,India,1/5/2020,0,0,0,0,0
IND,India,1/6/2020,0,0,0,0,0
IND,India,1/7/2020,0,0,0,0,0
IND,India,1/8/2020,0,0,0,0,0
IND,India,1/9/2020,0,0,0,0,0
IND,India,1/10/2020,0,0,0,0,0
IND,India,1/11/2020,0,0,0,0,0
IND,India,1/12/2020,0,0,0,0,0
IND,India,1/13/2020,0,0,0,0,0
IND,India,1/14/2020,0,0,0,0,0
IND,India,1/15/2020,0,0,0,0,0
IND,India,1/16/2020,0,0,0,0,0
IND,India,1/17/2020,0,0,0,0,0
IND,India,1/18/2020,0,0,0,0,0
IND,India,1/19/2020,0,0,0,0,0
IND,India,1/20/2020,0,0,0,0,0
IND,India,1/21/2020,0,0,0,0,0
IND,India,1/22/2020,0,0,0,0,0
IND,India,1/23/2020,0,0,0,0,0
IND,India,1/24/2020,0,0,0,0,0
IND,India,1/25/2020,0,0,0,0,0
IND,India,1/26/2020,0,0,0,0,0
IND,India,1/27/2020,0,0,0,0,0
IND,India,1/28/2020,0,0,0,0,0
IND,India,1/29/2020,0,1,0,0,0
IND,India,1/30/2020,1,0,0,0.001,0.001
IND,India,1/31/2020,1,0,0,0.001,0
IND,India,2/1/2020,1,1,0,0.001,0
IND,India,2/2/2020,2,0,0,0.001,0.001
IND,India,2/3/2020,2,1,0,0.001,0
IND,India,2/4/2020,3,0,0,0.002,0.001
IND,India,2/5/2020,3,0,0,0.002,0
IND,India,2/6/2020,3,0,0,0.002,0
IND,India,2/7/2020,3,0,0,0.002,0
IND,India,2/8/2020,3,0,0,0.002,0
IND,India,2/9/2020,3,0,0,0.002,0
IND,India,2/10/2020,3,0,0,0.002,0
IND,India,2/11/2020,3,0,0,0.002,0
IND,India,2/12/2020,3,0,0,0.002,0
IND,India,2/13/2020,3,0,0,0.002,0
IND,India,2/14/2020,3,0,0,0.002,0
IND,India,2/15/2020,3,0,0,0.002,0
IND,India,2/16/2020,3,0,0,0.002,0
IND,India,2/17/2020,3,0,0,0.002,0
IND,India,2/18/2020,3,0,0,0.002,0
IND,India,2/19/2020,3,0,0,0.002,0
IND,India,2/20/2020,3,0,0,0.002,0
IND,India,2/21/2020,3,0,0,0.002,0
IND,India,2/22/2020,3,0,0,0.002,0
IND,India,2/23/2020,3,0,0,0.002,0
IND,India,2/24/2020,3,0,0,0.002,0
IND,India,2/25/2020,3,0,0,0.002,0
IND,India,2/26/2020,3,0,0,0.002,0
IND,India,2/27/2020,3,0,0,0.002,0
IND,India,2/28/2020,3,0,0,0.002,0
IND,India,2/29/2020,3,0,0,0.002,0
IND,India,3/1/2020,3,0,0,0.002,0
IND,India,3/2/2020,3,2,0,0.002,0
IND,India,3/3/2020,5,1,0,0.004,0.001
IND,India,3/4/2020,6,22,0,0.004,0.001
IND,India,3/5/2020,28,1,0,0.02,0.016
IND,India,3/6/2020,29,2,0,0.021,0.001
IND,India,3/7/2020,31,3,0,0.022,0.001
IND,India,3/8/2020,34,10,0,0.025,0.002
IND,India,3/10/2020,44,6,0,0.032,0.007
IND,India,3/11/2020,50,23,0,0.036,0.004
IND,India,3/12/2020,73,2,1,0.053,0.017
IND,India,3/13/2020,75,8,2,0.054,0.001
IND,India,3/14/2020,83,7,2,0.06,0.006
IND,India,3/15/2020,90,3,2,0.065,0.005
IND,India,3/16/2020,93,32,3,0.067,0.002
IND,India,3/17/2020,125,12,3,0.091,0.023
IND,India,3/18/2020,137,28,3,0.099,0.009
IND,India,3/19/2020,165,26,4,0.12,0.02
IND,India,3/20/2020,191,40,4,0.138,0.019
IND,India,3/21/2020,231,89,4,0.167,0.029
IND,India,3/22/2020,320,119,7,0.232,0.064
IND,India,3/23/2020,439,53,9,0.318,0.086
IND,India,3/24/2020,492,70,9,0.357,0.038
IND,India,3/25/2020,562,87,13,0.407,0.051
IND,India,3/26/2020,649,75,17,0.47,0.063
IND,India,3/27/2020,724,149,19,0.525,0.054
IND,India,3/28/2020,873,106,25,0.633,0.108
IND,India,3/29/2020,979,92,29,0.709,0.077
IND,India,3/30/2020,1071,180,32,0.776,0.067
IND,India,3/31/2020,1251,146,35,0.907,0.13
IND,India,4/1/2020,1397,568,50,1.012,0.106
IND,India,4/2/2020,1965,336,56,1.424,0.412
IND,India,4/3/2020,2301,601,68,1.667,0.243
IND,India,4/4/2020,2902,472,77,2.103,0.436
IND,India,4/5/2020,3374,693,109,2.445,0.342
IND,India,4/6/2020,4067,354,114,2.947,0.502
IND,India,4/7/2020,4421,773,149,3.204,0.257
IND,India,4/8/2020,5194,540,166,3.764,0.56
IND,India,4/9/2020,5734,678,199,4.155,0.391
IND,India,4/10/2020,6412,1035,239,4.646,0.491
IND,India,4/11/2020,7447,909,273,5.396,0.75
IND,India,4/12/2020,8356,796,308,6.055,0.659
IND,India,4/13/2020,9152,1211,339,6.632,0.577
IND,India,4/14/2020,10363,1075,377,7.509,0.878
IND,India,4/15/2020,11438,942,414,8.288,0.779
IND,India,4/16/2020,12380,1007,437,8.971,0.683
IND,India,4/17/2020,13387,991,480,9.701,0.73
IND,India,4/18/2020,14378,1334,507,10.419,0.718
IND,India,4/19/2020,15712,1553,543,11.385,0.967
IND,India,4/20/2020,17265,1335,590,12.511,1.125
IND,India,4/21/2020,18600,1384,640,13.478,0.967
IND,India,4/22/2020,19984,1409,681,14.481,1.003
IND,India,4/23/2020,21393,1684,718,15.502,1.021
IND,India,4/24/2020,23077,1429,775,16.722,1.22
IND,India,4/25/2020,24506,1990,824,17.758,1.036
IND,India,4/26/2020,26496,1396,872,19.2,1.442
IND,India,4/27/2020,27892,1543,934,20.212,1.012
IND,India,4/28/2020,29435,1897,1007,21.33,1.118
IND,India,4/29/2020,31332,1718,1074,22.704,1.375
IND,India,4/30/2020,33050,1993,1147,23.949,1.245
IND,India,5/1/2020,35043,2293,1218,25.393,1.444
IND,India,5/2/2020,37336,2644,1301,27.055,1.662
IND,India,5/3/2020,39980,2553,1373,28.971,1.916
IND,India,5/4/2020,42533,3900,1568,30.821,1.85
IND,India,5/5/2020,46433,2958,1694,33.647,2.826
IND,India,5/6/2020,49391,3561,1783,35.79,2.143
IND,India,5/7/2020,52952,3390,1886,38.371,2.58
IND,India,5/8/2020,56342,3320,1981,40.827,2.457
IND,India,5/9/2020,59662,3277,2109,43.233,2.406
IND,India,5/10/2020,62939,4213,2206,45.608,2.375
IND,India,5/11/2020,67152,3604,2293,48.661,3.053
IND,India,5/12/2020,70756,3525,2415,51.272,2.612
IND,India,5/13/2020,74281,3722,2549,53.827,2.554
IND,India,5/14/2020,78003,3967,2649,56.524,2.697
IND,India,5/15/2020,81970,3970,2752,59.398,2.875
IND,India,5/16/2020,85940,4987,2872,62.275,2.877
IND,India,5/17/2020,90927,5242,3029,65.889,3.614
IND,India,5/18/2020,96169,4970,3163,69.687,3.799
IND,India,5/19/2020,101139,4970,3303,73.289,3.601
IND,India,5/20/2020,106750,5611,3435,77.355,4.066
IND,India,5/21/2020,112359,5609,3583,81.419,4.064
IND,India,5/22/2020,118447,6088,3720,85.831,4.412
IND,India,5/23/2020,125101,6654,3867,90.653,4.822
IND,India,5/24/2020,131868,6767,4021,95.556,4.904
IND,India,5/25/2020,138845,6977,4167,100.612,5.056
IND,India,5/26/2020,145380,6535,4337,105.347,4.735
IND,India,5/27/2020,151767,6387,4531,109.976,4.628
IND,India,5/28/2020,158333,6566,4706,114.734,4.758
IND,India,5/29/2020,165799,7466,4971,120.144,5.41
IND,India,5/30/2020,173763,7964,5164,125.915,5.771
IND,India,5/31/2020,182143,8380,5394,131.987,6.072
